Workbook

Sheet Products
H1: VLookUp Exercises
H2: Products
A4: ProductID | B4: Product | C4: Price | D4: Ordered or Not Ordered | E4: ProductID
A5: 101 | B5: Product A | C5: 120 | D5: =IF(ISNA(VLOOKUP(A5,Orders!$B$5:$B$10,1,FALSE)),"Not Ordered","Ordered") -> Ordered | E5: 101
A6: 102 | B6: Product B | C6: 150 | D6: =IF(ISNA(VLOOKUP(A6,Orders!$B$5:$B$10,1,FALSE)),"Not Ordered","Ordered") -> Ordered | E6: 102
A7: 103 | B7: Product C | C7: 200 | D7: =IF(ISNA(VLOOKUP(A7,Orders!$B$5:$B$10,1,FALSE)),"Not Ordered","Ordered") -> Ordered | E7: 103
A8: 104 | B8: Product D | C8: 90 | D8: =IF(ISNA(VLOOKUP(A8,Orders!$B$5:$B$10,1,FALSE)),"Not Ordered","Ordered") -> Ordered | E8: 104
A9: 105 | B9: Product E | C9: 220 | D9: =IF(ISNA(VLOOKUP(A9,Orders!$B$5:$B$10,1,FALSE)),"Not Ordered","Ordered") -> Ordered | E9: 105
A10: 106 | B10: Product F | C10: 130 | D10: =IF(ISNA(VLOOKUP(A10,Orders!$B$5:$B$10,1,FALSE)),"Not Ordered","Ordered") -> Ordered | E10: 106
A14: Product Name | B14: Total Qty Sold
A15: Product A | B15: =SUMIF(Orders!B:B,101,Orders!C:C) -> 2
A16: Product B | B16: =SUMIF(Orders!B:B,102,Orders!C:C) -> 5
A17: Product C | B17: =SUMIF(Orders!B:B,103,Orders!C:C) -> 1
A18: Product D | B18: =SUMIF(Orders!B:B,104,Orders!C:C) -> 6
A19: Product E | B19: =SUMIF(Orders!B:B,105,Orders!C:C) -> 4
A20: Product F | B20: =SUMIF(Orders!B:B,106,Orders!C:C) -> 3

Sheet Orders
H1: VLookUp Exercises
H2: Orders
A4: Order ID | B4: Product ID | C4: Quantity | D4: Product Name | E4: Product Price | F4: Total Price | G4: Product ID | H4: Discounted Price
A5: 1 | B5: 101 | C5: 2 | D5: =VLOOKUP(B5,Products!$A$5:$C$10,2,FALSE) -> Product A | E5: =VLOOKUP(B5,Products!$A$5:$C$10,3,FALSE) -> 120 | F5: =E5*C5 -> 240 | G5: =IF(ISNA(VLOOKUP(B5,Products!$A$5:$A$10,1,FALSE)),"Not Found","Exists") -> Exists | H5: =E5*0.9 -> 108
A6: 2 | B6: 103 | C6: 1 | D6: =VLOOKUP(B6,Products!$A$5:$C$10,2,FALSE) -> Product C | E6: =VLOOKUP(B6,Products!$A$5:$C$10,3,FALSE) -> 200 | F6: =E6*C6 -> 200 | G6: =IF(ISNA(VLOOKUP(B6,Products!$A$5:$A$10,1,FALSE)),"Not Found","Exists") -> Exists | H6: =E6*0.9 -> 180
A7: 3 | B7: 105 | C7: 4 | D7: =VLOOKUP(B7,Products!$A$5:$C$10,2,FALSE) -> Product E | E7: =VLOOKUP(B7,Products!$A$5:$C$10,3,FALSE) -> 220 | F7: =E7*C7 -> 880 | G7: =IF(ISNA(VLOOKUP(B7,Products!$A$5:$A$10,1,FALSE)),"Not Found","Exists") -> Exists | H7: =E7*0.9 -> 198
A8: 4 | B8: 106 | C8: 3 | D8: =VLOOKUP(B8,Products!$A$5:$C$10,2,FALSE) -> Product F | E8: =VLOOKUP(B8,Products!$A$5:$C$10,3,FALSE) -> 130 | F8: =E8*C8 -> 390 | G8: =IF(ISNA(VLOOKUP(B8,Products!$A$5:$A$10,1,FALSE)),"Not Found","Exists") -> Exists | H8: =E8*0.9 -> 117
A9: 5 | B9: 102 | C9: 5 | D9: =VLOOKUP(B9,Products!$A$5:$C$10,2,FALSE) -> Product B | E9: =VLOOKUP(B9,Products!$A$5:$C$10,3,FALSE) -> 150 | F9: =E9*C9 -> 750 | G9: =IF(ISNA(VLOOKUP(B9,Products!$A$5:$A$10,1,FALSE)),"Not Found","Exists") -> Exists | H9: =E9*0.9 -> 135
A10: 6 | B10: 104 | C10: 6 | D10: =VLOOKUP(B10,Products!$A$5:$C$10,2,FALSE) -> Product D | E10: =VLOOKUP(B10,Products!$A$5:$C$10,3,FALSE) -> 90 | F10: =E10*C10 -> 540 | G10: =IF(ISNA(VLOOKUP(B10,Products!$A$5:$A$10,1,FALSE)),"Not Found","Exists") -> Exists | H10: =E10*0.9 -> 81
A12: Maximum Order Value
A13: =MAX(F5:F10) -> 880
